{
  "broker": "dhan",
  "last_attempt_at": 1783621276.615604,
  "last_success_at": 1783621276.615604
}