{
  "broker": "upstox",
  "last_attempt_at": 1783621283.312821,
  "last_success_at": 1783621283.312821
}