{
  "model_type": "gainer_prediction",
  "n_features": 33,
  "walk_forward_results": [
    {
      "test_year": 2023,
      "ap": 0.02495534843195696,
      "baseline": 0.008171297068338725,
      "precision@3": 0.04217687074829932,
      "train_rows": 169540,
      "test_rows": 89949,
      "positives": 735
    },
    {
      "test_year": 2024,
      "ap": 0.020061411281149102,
      "baseline": 0.007597673341226128,
      "precision@3": 0.03523035230352303,
      "train_rows": 176897,
      "test_rows": 97135,
      "positives": 738
    },
    {
      "test_year": 2025,
      "ap": 0.018898680874478824,
      "baseline": 0.006979558524161092,
      "precision@3": 0.04435483870967742,
      "train_rows": 187084,
      "test_rows": 106597,
      "positives": 744
    }
  ],
  "mean_ap": 0.021305146862528296,
  "mean_precision_at_3": 0.040587353920499926
}