{
  "method": "meta_labeling",
  "stage1_rules": [
    "ret_30m > 1%",
    "rvol > 1.5",
    "beats_nifty_30m == 1"
  ],
  "n_stage2_features": 30,
  "results": [
    {
      "test_year": 2023,
      "candidates_per_day": 24.13877551020408,
      "baseline_rate": 0.028914440311126142,
      "ml_ap": 0.05865932740317943,
      "random_prec@3": 0.019125683060109287,
      "momentum_prec@3": 0.07513661202185792,
      "ml_prec@3": 0.0669398907103825,
      "ml_prec_lift_vs_random": 3.5
    },
    {
      "test_year": 2024,
      "candidates_per_day": 25.28048780487805,
      "baseline_rate": 0.021064479819906737,
      "ml_ap": 0.05200752186510033,
      "random_prec@3": 0.029931972789115645,
      "momentum_prec@3": 0.05714285714285714,
      "ml_prec@3": 0.05442176870748299,
      "ml_prec_lift_vs_random": 1.8181818181818181
    },
    {
      "test_year": 2025,
      "candidates_per_day": 23.77016129032258,
      "baseline_rate": 0.023240033927056827,
      "ml_ap": 0.05515756469006228,
      "random_prec@3": 0.02553763440860215,
      "momentum_prec@3": 0.05376344086021505,
      "ml_prec@3": 0.0510752688172043,
      "ml_prec_lift_vs_random": 2.0
    }
  ],
  "avg_random_prec3": 0.024865096752609023,
  "avg_momentum_prec3": 0.06201430334164337,
  "avg_ml_prec3": 0.05747897607835659,
  "avg_ml_lift_vs_random": 2.4393939393939394,
  "avg_ml_ap": 0.05527480465278068
}