{
  "walk_forward_results": [
    {
      "window": "2021-2022 -> 2023-2023",
      "train_rows": 169540,
      "test_rows": 89949,
      "test_positives": 1056,
      "ap": 0.0515031963395461,
      "top5_features": {
        "avg_range_10d": 664173.1,
        "range_30m": 316821.0,
        "atr_ratio": 121701.3,
        "range_1d_ago": 114329.5,
        "rvol": 94874.3
      }
    },
    {
      "window": "2022-2023 -> 2024-2024",
      "train_rows": 176897,
      "test_rows": 97135,
      "test_positives": 1458,
      "ap": 0.052799072842334094,
      "top5_features": {
        "range_30m": 934494.3,
        "avg_range_10d": 487254.9,
        "atr_ratio": 131217.2,
        "range_1d_ago": 83853.5,
        "rsi_14": 81038.2
      }
    },
    {
      "window": "2023-2024 -> 2025-2025",
      "train_rows": 187084,
      "test_rows": 106597,
      "test_positives": 880,
      "ap": 0.02955416397981584,
      "top5_features": {
        "range_30m": 995057.4,
        "avg_range_10d": 474332.8,
        "range_1d_ago": 130322.7,
        "atr_ratio": 101098.9,
        "rank_rvol": 85131.5
      }
    }
  ],
  "mean_ap": 0.04461881105389868,
  "std_ap": 0.01066544318746683
}